{
    "T": {
        "C": 0.5714285714285714,
        "G": 0.2857142857142857,
        "T": 0.14285714285714285
    },
    "C": {
        "A": 0.25,
        "G": 0.3333333333333333,
        "T": 0.3333333333333333,
        "C": 0.08333333333333333
    },
    "A": {
        "T": 0.5714285714285714,
        "A": 0.14285714285714285,
        "G": 0.14285714285714285,
        "C": 0.14285714285714285
    },
    "G": {
        "T": 0.1875,
        "A": 0.1875,
        "C": 0.125,
        "G": 0.5
    }
}